-- phpMyAdmin SQL Dump
-- version 4.8.4
-- https://www.phpmyadmin.net/
--
-- Host: 127.0.0.1:3306
-- Generation Time: 30. Apr, 2019 19:05 PM
-- Tjener-versjon: 5.7.24
-- PHP Version: 7.3.1

SET SQL_MODE = "NO_AUTO_VALUE_ON_ZERO";
SET AUTOCOMMIT = 0;
START TRANSACTION;
SET time_zone = "+00:00";


/*!40101 SET @OLD_CHARACTER_SET_CLIENT=@@CHARACTER_SET_CLIENT */;
/*!40101 SET @OLD_CHARACTER_SET_RESULTS=@@CHARACTER_SET_RESULTS */;
/*!40101 SET @OLD_COLLATION_CONNECTION=@@COLLATION_CONNECTION */;
/*!40101 SET NAMES utf8mb4 */;

--
-- Database: `frodhov`
--

-- --------------------------------------------------------

--
-- Tabellstruktur for tabell `payment`
--

DROP TABLE IF EXISTS `payment`;
CREATE TABLE IF NOT EXISTS `payment` (
  `p_nr` int(11) NOT NULL AUTO_INCREMENT,
  `p_dato` date NOT NULL,
  `p_pay` float(10,2) DEFAULT NULL,
  `r_nr` int(11) NOT NULL,
  PRIMARY KEY (`p_nr`),
  KEY `payment_fk` (`r_nr`)
) ENGINE=MyISAM AUTO_INCREMENT=155 DEFAULT CHARSET=latin1;

--
-- Dataark for tabell `payment`
--

INSERT INTO `payment` (`p_nr`, `p_dato`, `p_pay`, `r_nr`) VALUES
(0, '2019-02-19', 150.00, 5),
(2, '2019-05-19', 100.00, 5),
(3, '2019-05-19', 100.00, 5),
(4, '2019-05-19', 100.00, 5),
(5, '2019-05-19', 151.00, 5),
(6, '2019-05-19', 252.00, 6),
(7, '2019-05-19', 252.00, 6),
(8, '2019-05-19', 252.00, 6),
(9, '2019-05-19', 1.00, 1),
(10, '2019-05-19', 1.00, 1),
(11, '2019-05-19', 1.00, 1),
(12, '2019-05-19', 22.00, 2),
(13, '2019-05-19', 22.00, 2),
(14, '2019-05-19', 22.00, 2),
(15, '2019-05-19', 22.00, 2),
(16, '2019-05-19', 22.00, 2),
(17, '2019-05-19', 22.00, 2),
(18, '2019-01-20', 10.00, 5),
(19, '2019-01-20', 10.00, 5),
(20, '2019-01-20', 10.00, 5),
(21, '2019-01-20', 10.00, 5),
(22, '2019-01-20', 10.00, 5),
(23, '2019-01-20', 10.00, 5),
(24, '2019-01-20', 10.00, 5),
(25, '2019-01-20', 10.00, 5),
(26, '2019-05-19', 100.00, 1),
(27, '2019-05-19', 100.00, 1),
(28, '2019-05-19', 100.00, 1),
(29, '2019-05-19', 100.00, 1),
(30, '2019-05-19', 100.00, 1),
(31, '2016-05-19', 10.00, 1),
(32, '2019-05-19', 10.00, 1),
(33, '2019-05-19', 10.00, 1),
(34, '2019-05-19', 10.00, 1),
(35, '2019-05-19', 10.00, 1),
(36, '2019-05-19', 10.00, 1),
(37, '2019-05-19', 10.00, 1),
(38, '2019-05-19', 250.00, 14),
(39, '2019-05-19', 250.00, 14),
(40, '2019-05-19', 250.00, 14),
(41, '2019-05-19', 250.00, 14),
(42, '2019-05-19', 250.00, 14),
(43, '2019-05-19', 250.00, 14),
(44, '2019-05-19', 250.00, 14),
(45, '2019-05-19', 250.00, 14),
(46, '2019-05-19', -2000.00, 14),
(47, '2019-05-19', 250.00, 14),
(48, '2019-05-19', 250.00, 14),
(49, '2019-05-19', -250.00, 14),
(50, '2019-05-19', -250.00, 14),
(51, '2019-05-19', -250.00, 14),
(52, '2019-05-19', -250.00, 14),
(53, '2019-05-19', 250.00, 14),
(54, '2019-05-19', 250.00, 14),
(55, '2019-05-19', 250.00, 14),
(56, '2019-05-19', 250.00, 14),
(57, '2019-05-14', 150.00, 14),
(58, '2019-05-14', 10.00, 14),
(59, '2019-05-14', 10.00, 14),
(60, '2019-05-14', 10.00, 14),
(61, '2019-05-19', 100.00, 14),
(62, '2019-05-14', 10.00, 14),
(63, '2019-05-19', 1.00, 14),
(64, '2019-05-19', 1.00, 14),
(65, '2019-04-15', 1.00, 14),
(66, '2019-04-15', 1.00, 14),
(67, '2019-04-15', 1.00, 14),
(68, '2019-04-15', 1.00, 14),
(69, '2019-01-20', 1.00, 14),
(70, '2019-01-20', 1.00, 14),
(71, '2019-05-19', 54.00, 3),
(72, '2019-05-19', 54.00, 3),
(73, '2019-05-19', 54.00, 3),
(74, '2019-05-20', 100.00, 5),
(75, '2019-05-19', 100.00, 5),
(76, '2019-05-19', 100.00, 5),
(77, '2019-05-19', 100.00, 5),
(78, '2019-05-19', 100.00, 5),
(79, '2019-05-19', 100.00, 5),
(80, '2019-05-19', 100.00, 5),
(81, '2019-05-19', 100.00, 5),
(82, '2019-05-19', 100.00, 5),
(83, '2019-04-27', 100.00, 34),
(84, '2019-04-27', 100.00, 34),
(85, '2019-04-27', 100.00, 34),
(86, '2019-04-27', 100.00, 34),
(87, '2019-04-27', 100.00, 34),
(88, '2019-04-27', 100.00, 34),
(89, '2019-04-27', 100.00, 34),
(90, '2019-04-27', 200.00, 34),
(91, '2019-04-27', 100.00, 7),
(92, '2019-04-27', 10.00, 7),
(93, '2019-04-27', 10.00, 7),
(94, '2019-04-27', 10.00, 7),
(95, '2019-04-27', 10.00, 7),
(96, '2019-04-27', 10.00, 7),
(97, '2019-04-27', 10.00, 7),
(98, '2019-04-29', 100.00, 8),
(99, '2019-04-29', 100.00, 8),
(100, '2019-04-29', 100.00, 8),
(101, '2019-04-29', 100.00, 8),
(102, '2019-04-29', 100.00, 8),
(103, '2019-04-29', 100.00, 8),
(104, '2019-04-29', 100.00, 8),
(105, '2019-04-29', 100.00, 8),
(106, '2019-04-29', 11.00, 37),
(107, '2019-04-29', 11.00, 37),
(108, '2019-04-29', 11.00, 37),
(109, '2019-04-29', 11.00, 37),
(110, '2019-04-29', 11.00, 37),
(111, '2019-04-29', 11.00, 37),
(112, '2019-04-29', 11.00, 37),
(113, '2019-04-29', 11.00, 37),
(114, '2019-04-29', 11.00, 37),
(115, '2019-04-29', 11.00, 37),
(116, '2019-04-29', 11.00, 37),
(117, '2019-04-29', 11.00, 37),
(118, '2019-04-29', 11.00, 37),
(119, '2019-04-29', 11.00, 37),
(120, '2019-04-29', -154.00, 37),
(121, '2019-04-29', -154.00, 37),
(122, '2019-04-29', -154.00, 37),
(123, '2019-04-29', 308.00, 37),
(124, '2019-04-29', 308.00, 37),
(125, '2019-04-29', 308.00, 37),
(126, '2019-04-29', 308.00, 37),
(127, '2019-04-29', 104.00, 36),
(128, '2019-04-29', 104.00, 36),
(129, '2019-04-29', 100.00, 35),
(130, '2019-04-29', 100.00, 35),
(131, '2019-04-29', 100.00, 35),
(132, '2019-04-29', 100.00, 35),
(133, '2019-04-29', 100.00, 33),
(134, '2019-04-29', 100.00, 33),
(135, '2019-04-29', 10.00, 33),
(136, '2019-04-29', 10.00, 33),
(137, '2019-04-29', 100.00, 30),
(138, '2019-04-29', 100.00, 30),
(139, '2019-04-29', 100.00, 30),
(140, '2019-04-29', 100.00, 30),
(141, '2019-04-29', 100.00, 30),
(142, '2019-04-29', 100.00, 30),
(143, '2019-04-29', 100.00, 32),
(144, '2019-04-29', 0.00, 32),
(145, '2019-04-29', 0.00, 33),
(146, '2019-04-29', 100.00, 31),
(147, '2019-04-29', 6.00, 37),
(148, '2019-04-29', 100.00, 29),
(149, '2019-04-29', 1000.00, 37),
(150, '2019-04-29', 100.00, 39),
(151, '2019-04-29', 126.00, 40),
(152, '2019-04-29', 33.00, 41),
(153, '2019-04-29', 10000.00, 42),
(154, '2019-04-29', 100.00, 43);

-- --------------------------------------------------------

--
-- Tabellstruktur for tabell `travel`
--

DROP TABLE IF EXISTS `travel`;
CREATE TABLE IF NOT EXISTS `travel` (
  `r_nr` int(11) NOT NULL AUTO_INCREMENT,
  `r_dato` date NOT NULL,
  `r_formal` text NOT NULL,
  `r_mal` varchar(255) DEFAULT NULL,
  `r_kost` float(10,2) DEFAULT NULL,
  `r_stat` varchar(8) DEFAULT NULL,
  PRIMARY KEY (`r_nr`)
) ENGINE=MyISAM AUTO_INCREMENT=44 DEFAULT CHARSET=latin1;

--
-- Dataark for tabell `travel`
--

INSERT INTO `travel` (`r_nr`, `r_dato`, `r_formal`, `r_mal`, `r_kost`, `r_stat`) VALUES
(1, '2019-04-20', 'Lorem ipsum dolor sit amet, consectetur adipiscing elit', 'Balestrand', 1002.25, 'Delvis'),
(2, '2019-04-10', 'Sed ut perspiciatis unde omnis iste natus error sit voluptatem accusantium doloremque laudantium', 'Nesodden', 54.00, 'NEI'),
(3, '2019-04-10', 'xcepteur sint occaecat cupidatat non proident, sunt in culpa qui officia deserunt mollit anim id est laborum', 'Oslo', 54.00, 'Forskudd'),
(4, '2019-04-10', 'Ut enim ad minima veniam, quis nostrum exercitationem', 'Berlin', 6432.50, 'NEI'),
(5, '2019-03-10', 'Lorem ipsum dolor sit amet, consectetur adipiscing elit', 'Washington', 10002.25, 'Delvis'),
(6, '2019-03-20', 'Sed ut perspiciatis unde omnis iste natus error sit voluptatem accusantium doloremque', 'Nesodden', 54.00, 'Delvis'),
(7, '2019-02-10', 'Xcepteur sint occaecat cupidatat non proident, sunt in culpa qui officia deserunt mollit', 'Oslo', 108.00, 'Forskudd'),
(8, '2019-04-25', 'Ut enim ad minima veniam, quis nostrum', 'Bergen', 2425.50, 'NEI'),
(9, '2019-04-18', 'Møte', 'Molde', 1000.00, 'Nei'),
(10, '2019-04-25', 'Møte', 'Bergen', 650.00, 'Nei'),
(11, '2019-04-25', 'Møte', 'Oslo', 650.00, 'Nei'),
(12, '2019-04-25', 'Møte', 'Oslo', 650.00, 'Nei'),
(13, '2019-04-25', 'Møte', 'Oslo', 650.00, 'Nei'),
(14, '2019-05-01', 'Besøk', 'Moss', 1000.00, 'Delvis'),
(15, '2019-05-20', 'Møte', 'Moss', 125.00, 'Nei'),
(16, '2019-05-02', 'Test', 'Ulvik', 1050.00, 'Nei'),
(17, '2018-05-16', 'Nok en test', 'Moss', 100.00, 'Nei'),
(18, '2018-05-16', 'Nok en test', 'Moss', 100.00, 'Nei'),
(19, '2019-05-19', 'Test', 'Oslo', 100.00, 'Nei'),
(20, '2019-05-19', 'kljlø', 'Moss', 100.00, 'Nei'),
(21, '2019-05-21', 'Tets', 'Drammen', 100.00, 'Nei'),
(22, '2019-05-21', 'Tets', 'Drammen', 100.00, 'Nei'),
(23, '2019-01-20', 'dkwøld', 'Moss', 100.00, 'Nei'),
(24, '2019-01-20', 'dkwøld', 'Moss', 100.00, 'Nei'),
(25, '2019-01-20', 'dkwøld', 'Moss', 100.00, 'Nei'),
(26, '2019-01-20', 'dkwøld', 'Moss', 100.00, 'Nei'),
(27, '2019-01-20', 'dkwøld', 'Moss', 100.00, 'Nei'),
(28, '2019-01-20', 'dkwøld', 'Moss', 100.00, 'Nei'),
(29, '2019-01-20', 'dkwøld', 'Moss', 100.00, 'Ja'),
(30, '2019-01-20', 'dkwøld', 'Moss', 100.00, 'Nei'),
(31, '2019-01-20', 'dkwøld', 'Bergen', 100.00, 'Ja'),
(32, '2019-01-20', 'dkwøld', 'Balestrand', 100.00, 'Ja'),
(33, '2019-01-20', 'dkwøld', 'Ulvik', 40.00, 'Forskudd'),
(34, '2019-06-27', 'test', '100', -200.00, 'Forskudd'),
(35, '2019-04-27', 'test', 'oslo', 100.00, 'Nei'),
(36, '2019-04-27', 'Test', 'Oslo', 104.00, 'Nei'),
(37, '2019-04-27', 'test', 'Moss', 11.00, 'Forskudd'),
(38, '2019-04-29', 'Tets', 'Ulvik', 222.00, 'Nei'),
(39, '2019-04-29', 'hjkd', 'Svalbard', 111.00, 'Delvis'),
(40, '2019-04-29', 'hjfkl', 'Fredrikstad', 126.00, 'Forskudd'),
(41, '2019-05-20', 'dfd', 'Moss', 40.00, 'Delvis'),
(42, '2019-05-20', 'hjk', 'Malorca', 11000.00, 'Delvis'),
(43, '2019-04-29', 'jobb', 'oslo', 100.00, 'Delvis');

-- --------------------------------------------------------

--
-- Tabellstruktur for tabell `users`
--

DROP TABLE IF EXISTS `users`;
CREATE TABLE IF NOT EXISTS `users` (
  `user_id` int(11) NOT NULL AUTO_INCREMENT,
  `user_first` varchar(256) NOT NULL,
  `user_last` varchar(256) NOT NULL,
  `user_email` varchar(256) NOT NULL,
  `user_uid` varchar(256) NOT NULL,
  `user_pwd` varchar(256) NOT NULL,
  PRIMARY KEY (`user_id`)
) ENGINE=MyISAM AUTO_INCREMENT=4 DEFAULT CHARSET=latin1;

--
-- Dataark for tabell `users`
--

INSERT INTO `users` (`user_id`, `user_first`, `user_last`, `user_email`, `user_uid`, `user_pwd`) VALUES
(1, 'test', 'test', 'test@test.no', 'test', 'test'),
(2, 'Frode', 'Hovland', 'frode.hovland@colliers.no', 'fh', '$2y$10$lDh.LRXfpnI2EbIYTErvD.f/00lbPPrJkPydY8TJEU3xxSdxRwFYC'),
(3, 'Elisabeth', 'Hovland', 'elisabeth.hovland@gmail.com', 'eh', '$2y$10$NyGfRkE0n9.5C7hmhTcVn.UzdUuAtb5GEN/EIxspPXUa/SulZhIUq');
COMMIT;

/*!40101 SET CHARACTER_SET_CLIENT=@OLD_CHARACTER_SET_CLIENT */;
/*!40101 SET CHARACTER_SET_RESULTS=@OLD_CHARACTER_SET_RESULTS */;
/*!40101 SET COLLATION_CONNECTION=@OLD_COLLATION_CONNECTION */;
